id,time,y,dose
1,0,0,0.5
1,20,1,0.5
1,40,2,0.5
1,60,1,0.5
1,80,2,0.5
1,100,2,0.5
2,0,0,0.5
2,20,2,0.5
2,40,1,0.5
2,60,2,0.5
2,80,2,0.5
2,100,2,0.5
3,0,2,0.5
3,20,2,0.5
3,40,1,0.5
3,60,2,0.5
3,80,2,0.5
3,100,2,0.5
4,0,1,0.5
4,20,2,0.5
4,40,1,0.5
4,60,2,0.5
4,80,2,0.5
4,100,2,0.5
5,0,0,0.5
5,20,0,0.5
5,40,2,0.5
5,60,1,0.5
5,80,2,0.5
5,100,2,0.5
6,0,0,0.5
6,20,1,0.5
6,40,1,0.5
6,60,2,0.5
6,80,2,0.5
6,100,2,0.5
7,0,1,0.5
7,20,2,0.5
7,40,2,0.5
7,60,2,0.5
7,80,2,0.5
7,100,2,0.5
8,0,1,0.5
8,20,1,0.5
8,40,2,0.5
8,60,1,0.5
8,80,2,0.5
8,100,2,0.5
9,0,0,0.5
9,20,2,0.5
9,40,2,0.5
9,60,2,0.5
9,80,2,0.5
9,100,2,0.5
10,0,0,0.5
10,20,0,0.5
10,40,1,0.5
10,60,2,0.5
10,80,1,0.5
10,100,2,0.5
11,0,0,0.5
11,20,2,0.5
11,40,2,0.5
11,60,2,0.5
11,80,2,0.5
11,100,2,0.5
12,0,1,0.5
12,20,2,0.5
12,40,2,0.5
12,60,1,0.5
12,80,2,0.5
12,100,2,0.5
13,0,0,0.5
13,20,1,0.5
13,40,2,0.5
13,60,2,0.5
13,80,2,0.5
13,100,2,0.5
14,0,1,0.5
14,20,0,0.5
14,40,1,0.5
14,60,1,0.5
14,80,2,0.5
14,100,2,0.5
15,0,0,0.5
15,20,1,0.5
15,40,1,0.5
15,60,1,0.5
15,80,2,0.5
15,100,2,0.5
16,0,0,0.5
16,20,1,0.5
16,40,2,0.5
16,60,2,0.5
16,80,2,0.5
16,100,2,0.5
17,0,0,0.5
17,20,1,0.5
17,40,2,0.5
17,60,1,0.5
17,80,1,0.5
17,100,2,0.5
18,0,0,0.5
18,20,0,0.5
18,40,1,0.5
18,60,1,0.5
18,80,2,0.5
18,100,2,0.5
19,0,1,0.5
19,20,2,0.5
19,40,1,0.5
19,60,2,0.5
19,80,2,0.5
19,100,2,0.5
20,0,0,0.5
20,20,1,0.5
20,40,2,0.5
20,60,2,0.5
20,80,2,0.5
20,100,2,0.5
21,0,0,0.5
21,20,2,0.5
21,40,1,0.5
21,60,2,0.5
21,80,2,0.5
21,100,2,0.5
22,0,0,0.5
22,20,0,0.5
22,40,0,0.5
22,60,1,0.5
22,80,2,0.5
22,100,2,0.5
23,0,0,0.5
23,20,1,0.5
23,40,2,0.5
23,60,2,0.5
23,80,2,0.5
23,100,2,0.5
24,0,1,0.5
24,20,0,0.5
24,40,0,0.5
24,60,2,0.5
24,80,2,0.5
24,100,2,0.5
25,0,0,0.5
25,20,0,0.5
25,40,1,0.5
25,60,2,0.5
25,80,2,0.5
25,100,1,0.5
26,0,0,0.5
26,20,1,0.5
26,40,1,0.5
26,60,1,0.5
26,80,2,0.5
26,100,2,0.5
27,0,2,0.5
27,20,2,0.5
27,40,2,0.5
27,60,2,0.5
27,80,2,0.5
27,100,2,0.5
28,0,2,0.5
28,20,1,0.5
28,40,2,0.5
28,60,2,0.5
28,80,2,0.5
28,100,2,0.5
29,0,0,0.5
29,20,2,0.5
29,40,2,0.5
29,60,2,0.5
29,80,2,0.5
29,100,2,0.5
30,0,2,0.5
30,20,0,0.5
30,40,2,0.5
30,60,2,0.5
30,80,2,0.5
30,100,2,0.5
31,0,0,0.5
31,20,0,0.5
31,40,2,0.5
31,60,2,0.5
31,80,1,0.5
31,100,2,0.5
32,0,0,0.5
32,20,1,0.5
32,40,2,0.5
32,60,2,0.5
32,80,1,0.5
32,100,2,0.5
33,0,0,0.5
33,20,1,0.5
33,40,2,0.5
33,60,2,0.5
33,80,2,0.5
33,100,2,0.5
34,0,0,0.5
34,20,2,0.5
34,40,2,0.5
34,60,2,0.5
34,80,2,0.5
34,100,2,0.5
35,0,0,0.5
35,20,0,0.5
35,40,1,0.5
35,60,2,0.5
35,80,2,0.5
35,100,2,0.5
36,0,0,0.5
36,20,1,0.5
36,40,2,0.5
36,60,2,0.5
36,80,2,0.5
36,100,2,0.5
37,0,2,0.5
37,20,0,0.5
37,40,2,0.5
37,60,2,0.5
37,80,2,0.5
37,100,2,0.5
38,0,0,0.5
38,20,2,0.5
38,40,2,0.5
38,60,2,0.5
38,80,2,0.5
38,100,2,0.5
39,0,0,0.5
39,20,2,0.5
39,40,1,0.5
39,60,1,0.5
39,80,2,0.5
39,100,2,0.5
40,0,0,0.5
40,20,2,0.5
40,40,1,0.5
40,60,2,0.5
40,80,2,0.5
40,100,2,0.5
41,0,0,0.5
41,20,1,0.5
41,40,2,0.5
41,60,2,0.5
41,80,2,0.5
41,100,2,0.5
42,0,2,0.5
42,20,0,0.5
42,40,1,0.5
42,60,2,0.5
42,80,2,0.5
42,100,2,0.5
43,0,1,0.5
43,20,2,0.5
43,40,2,0.5
43,60,2,0.5
43,80,2,0.5
43,100,2,0.5
44,0,0,0.5
44,20,1,0.5
44,40,1,0.5
44,60,1,0.5
44,80,2,0.5
44,100,2,0.5
45,0,0,0.5
45,20,1,0.5
45,40,2,0.5
45,60,2,0.5
45,80,2,0.5
45,100,2,0.5
46,0,0,0.5
46,20,2,0.5
46,40,2,0.5
46,60,2,0.5
46,80,2,0.5
46,100,2,0.5
47,0,0,0.5
47,20,0,0.5
47,40,1,0.5
47,60,1,0.5
47,80,2,0.5
47,100,2,0.5
48,0,0,0.5
48,20,0,0.5
48,40,2,0.5
48,60,2,0.5
48,80,2,0.5
48,100,2,0.5
49,0,0,0.5
49,20,2,0.5
49,40,1,0.5
49,60,2,0.5
49,80,2,0.5
49,100,2,0.5
50,0,0,0.5
50,20,0,0.5
50,40,2,0.5
50,60,1,0.5
50,80,2,0.5
50,100,2,0.5
51,0,0,0.5
51,20,0,0.5
51,40,1,0.5
51,60,1,0.5
51,80,1,0.5
51,100,2,0.5
52,0,0,0.5
52,20,1,0.5
52,40,2,0.5
52,60,1,0.5
52,80,2,0.5
52,100,2,0.5
53,0,0,0.5
53,20,0,0.5
53,40,1,0.5
53,60,1,0.5
53,80,2,0.5
53,100,2,0.5
54,0,0,0.5
54,20,1,0.5
54,40,2,0.5
54,60,2,0.5
54,80,1,0.5
54,100,2,0.5
55,0,0,0.5
55,20,1,0.5
55,40,1,0.5
55,60,2,0.5
55,80,2,0.5
55,100,2,0.5
56,0,2,0.5
56,20,2,0.5
56,40,1,0.5
56,60,2,0.5
56,80,2,0.5
56,100,1,0.5
57,0,0,0.5
57,20,1,0.5
57,40,0,0.5
57,60,1,0.5
57,80,1,0.5
57,100,1,0.5
58,0,0,0.5
58,20,2,0.5
58,40,1,0.5
58,60,2,0.5
58,80,2,0.5
58,100,2,0.5
59,0,0,0.5
59,20,0,0.5
59,40,2,0.5
59,60,2,0.5
59,80,1,0.5
59,100,2,0.5
60,0,0,0.5
60,20,0,0.5
60,40,1,0.5
60,60,1,0.5
60,80,1,0.5
60,100,2,0.5
61,0,2,0.5
61,20,0,0.5
61,40,2,0.5
61,60,2,0.5
61,80,2,0.5
61,100,2,0.5
62,0,0,0.5
62,20,1,0.5
62,40,2,0.5
62,60,2,0.5
62,80,2,0.5
62,100,2,0.5
63,0,0,0.5
63,20,0,0.5
63,40,1,0.5
63,60,1,0.5
63,80,1,0.5
63,100,2,0.5
64,0,0,0.5
64,20,2,0.5
64,40,2,0.5
64,60,2,0.5
64,80,2,0.5
64,100,2,0.5
65,0,0,0.5
65,20,2,0.5
65,40,2,0.5
65,60,2,0.5
65,80,2,0.5
65,100,2,0.5
66,0,1,0.5
66,20,2,0.5
66,40,2,0.5
66,60,2,0.5
66,80,2,0.5
66,100,2,0.5
67,0,0,0.5
67,20,0,0.5
67,40,2,0.5
67,60,2,0.5
67,80,2,0.5
67,100,2,0.5
68,0,0,0.5
68,20,1,0.5
68,40,1,0.5
68,60,2,0.5
68,80,1,0.5
68,100,2,0.5
69,0,0,0.5
69,20,1,0.5
69,40,0,0.5
69,60,2,0.5
69,80,1,0.5
69,100,2,0.5
70,0,0,0.5
70,20,1,0.5
70,40,1,0.5
70,60,2,0.5
70,80,1,0.5
70,100,2,0.5
71,0,2,0.5
71,20,0,0.5
71,40,0,0.5
71,60,1,0.5
71,80,2,0.5
71,100,0,0.5
72,0,2,0.5
72,20,1,0.5
72,40,1,0.5
72,60,2,0.5
72,80,2,0.5
72,100,2,0.5
73,0,1,0.5
73,20,0,0.5
73,40,2,0.5
73,60,1,0.5
73,80,2,0.5
73,100,1,0.5
74,0,0,0.5
74,20,2,0.5
74,40,1,0.5
74,60,2,0.5
74,80,2,0.5
74,100,2,0.5
75,0,2,0.5
75,20,1,0.5
75,40,2,0.5
75,60,2,0.5
75,80,2,0.5
75,100,2,0.5
76,0,0,0.5
76,20,0,0.5
76,40,1,0.5
76,60,2,0.5
76,80,1,0.5
76,100,2,0.5
77,0,0,0.5
77,20,2,0.5
77,40,1,0.5
77,60,2,0.5
77,80,2,0.5
77,100,2,0.5
78,0,0,0.5
78,20,0,0.5
78,40,2,0.5
78,60,1,0.5
78,80,2,0.5
78,100,1,0.5
79,0,0,0.5
79,20,1,0.5
79,40,2,0.5
79,60,2,0.5
79,80,2,0.5
79,100,2,0.5
80,0,0,0.5
80,20,0,0.5
80,40,1,0.5
80,60,1,0.5
80,80,1,0.5
80,100,1,0.5
81,0,0,0.5
81,20,1,0.5
81,40,2,0.5
81,60,2,0.5
81,80,2,0.5
81,100,2,0.5
82,0,1,0.5
82,20,1,0.5
82,40,1,0.5
82,60,2,0.5
82,80,2,0.5
82,100,2,0.5
83,0,0,0.5
83,20,0,0.5
83,40,1,0.5
83,60,1,0.5
83,80,2,0.5
83,100,2,0.5
84,0,0,0.5
84,20,0,0.5
84,40,1,0.5
84,60,1,0.5
84,80,1,0.5
84,100,2,0.5
85,0,0,0.5
85,20,1,0.5
85,40,2,0.5
85,60,2,0.5
85,80,2,0.5
85,100,2,0.5
86,0,0,0.5
86,20,1,0.5
86,40,1,0.5
86,60,2,0.5
86,80,2,0.5
86,100,2,0.5
87,0,0,0.5
87,20,0,0.5
87,40,2,0.5
87,60,2,0.5
87,80,2,0.5
87,100,2,0.5
88,0,1,0.5
88,20,0,0.5
88,40,2,0.5
88,60,2,0.5
88,80,2,0.5
88,100,2,0.5
89,0,0,0.5
89,20,0,0.5
89,40,1,0.5
89,60,2,0.5
89,80,2,0.5
89,100,2,0.5
90,0,0,0.5
90,20,0,0.5
90,40,2,0.5
90,60,2,0.5
90,80,2,0.5
90,100,2,0.5
91,0,0,0.5
91,20,1,0.5
91,40,2,0.5
91,60,1,0.5
91,80,1,0.5
91,100,2,0.5
92,0,0,0.5
92,20,2,0.5
92,40,2,0.5
92,60,2,0.5
92,80,2,0.5
92,100,2,0.5
93,0,2,0.5
93,20,1,0.5
93,40,1,0.5
93,60,1,0.5
93,80,1,0.5
93,100,2,0.5
94,0,0,0.5
94,20,1,0.5
94,40,1,0.5
94,60,2,0.5
94,80,2,0.5
94,100,2,0.5
95,0,0,0.5
95,20,2,0.5
95,40,2,0.5
95,60,2,0.5
95,80,2,0.5
95,100,2,0.5
96,0,0,0.5
96,20,1,0.5
96,40,1,0.5
96,60,2,0.5
96,80,2,0.5
96,100,2,0.5
97,0,0,0.5
97,20,2,0.5
97,40,2,0.5
97,60,2,0.5
97,80,2,0.5
97,100,2,0.5
98,0,0,0.5
98,20,0,0.5
98,40,0,0.5
98,60,2,0.5
98,80,2,0.5
98,100,1,0.5
99,0,0,0.5
99,20,1,0.5
99,40,2,0.5
99,60,2,0.5
99,80,2,0.5
99,100,2,0.5
100,0,0,0.5
100,20,1,0.5
100,40,2,0.5
100,60,2,0.5
100,80,2,0.5
100,100,2,0.5
